slice,rows,B0_total_tokens,B0_est_usd,B1_total_tokens,B1_est_usd,SYS_total_tokens,SYS_est_usd,B0_findings,B1_findings
0.05,608,18345,0.033525,0,0.0,10317,0.024757,7,17
0.1,1215,32414,0.046782,0,0.0,6038,0.01551,0,31
0.25,3038,38900,0.051044,0,0.0,7146,0.018126,0,32
0.5,6076,39082,0.051046,0,0.0,7508,0.019408,0,35
1.0,12152,39310,0.053102,0,0.0,6590,0.017058,0,36
