slice,rows,B0_total_tokens,B0_est_usd,B1_total_tokens,B1_est_usd,SYS_total_tokens,SYS_est_usd,B0_findings,B1_findings
0.05,608,17556,0.02958,0,0.0,10446,0.025402,0,17
0.1,1215,32584,0.047632,0,0.0,6135,0.015995,6,31
0.25,3038,39205,0.052569,0,0.0,6435,0.016827,0,32
0.5,6076,39062,0.050946,0,0.0,6517,0.016685,0,35
1.0,12152,39849,0.055797,0,0.0,6549,0.016853,0,36
