slice,rows,B0_total_tokens,B0_est_usd,B1_total_tokens,B1_est_usd,SYS_total_tokens,SYS_est_usd,B0_findings,B1_findings
0.1,78,5560,0.013528,0,0.0,6810,0.01523,7,16
0.25,194,10864,0.019924,0,0.0,9612,0.017556,7,26
0.5,388,19368,0.028824,0,0.0,10861,0.018089,8,33
1.0,777,19970,0.029918,0,0.0,11333,0.020925,7,32
