slice,rows,B0_total_tokens,B0_est_usd,B1_total_tokens,B1_est_usd,SYS_total_tokens,SYS_est_usd,B0_findings,B1_findings
0.05,39,3858,0.011798,0,0.0,7926,0.019846,7,8
0.1,78,6076,0.016108,0,0.0,4416,0.010912,8,16
0.25,194,11614,0.023674,0,0.0,4683,0.011743,8,26
0.5,388,19165,0.027809,0,0.0,4333,0.010965,7,33
1.0,777,36548,0.04728,0,0.0,4194,0.010802,7,32
